"запрос";"маска (номер и текст)";"блок (А/Б/В/Г/Д)";"регион63_базовая";"регион63_кавычки";"регион63_восклиц";"рф_базовая";"гео_добавка (да/нет и какая)";"тип (коммерческий / информационный / навигационный)";"2025-10";"2025-11";"2025-12";"2026-01";"2026-02";"2026-03";"2026-04";"2026-05";"2026-06";"2026-07";"2026-08";"2026-09"
"создание сайтов иркутск";"1. создание сайтов";"А";"33";"13";"10";"41";"да (иркутск)";"коммерческий";"71";"54";"14";"33";"21";"30";"62";"29";"33";"11";"31";"26"
"создание веб сайта";"1. создание сайтов";"А";"39";"14";"9";"5980";"нет";"коммерческий";"42";"38";"26";"31";"37";"41";"38";"32";"35";"30";"36";"39"
"создание интернет сайта";"1. создание сайтов";"А";"20";"8";"6";"4120";"нет";"коммерческий";"23";"21";"14";"18";"22";"25";"20";"17";"19";"15";"18";"20"
"создание и разработка сайтов";"1. создание сайтов";"А";"17";"6";"4";"3890";"нет";"коммерческий";"19";"18";"12";"14";"19";"21";"18";"15";"16";"13";"17";"17"
"создание сайтов ангарск";"1. создание сайтов";"А";"4";"2";"2";"5";"да (ангарск)";"коммерческий";"5";"4";"3";"3";"5";"4";"4";"3";"4";"2";"4";"4"
"создание сайтов братск";"1. создание сайтов";"А";"3";"2";"1";"4";"да (братск)";"коммерческий";"4";"3";"2";"2";"4";"4";"3";"2";"3";"2";"3";"3"
"создание сайтов улан-удэ";"1. создание сайтов";"А";"6";"3";"2";"8";"да (улан-удэ)";"коммерческий";"7";"6";"4";"5";"7";"8";"6";"5";"6";"4";"6";"6"
"создание сайтов чита";"1. создание сайтов";"А";"5";"2";"2";"7";"да (чита)";"коммерческий";"6";"5";"3";"4";"6";"7";"5";"4";"5";"3";"5";"5"
"разработка сайтов иркутск";"4. разработка сайтов";"А";"33";"12";"9";"43";"да (иркутск)";"коммерческий";"51";"47";"22";"31";"62";"38";"23";"20";"42";"43";"56";"33"
"разработка веб сайтов";"4. разработка сайтов";"А";"43";"16";"11";"18400";"нет";"коммерческий";"48";"42";"29";"35";"40";"45";"39";"36";"41";"38";"44";"43"
"разработка интернет сайтов";"4. разработка сайтов";"А";"33";"11";"7";"8950";"нет";"коммерческий";"36";"31";"22";"27";"34";"36";"30";"28";"32";"26";"31";"33"
"студии разработки сайтов";"4. разработка сайтов";"А";"20";"6";"4";"5420";"нет";"коммерческий";"22";"19";"13";"16";"21";"23";"19";"17";"19";"15";"18";"20"
"разработка сайтов под ключ";"4. разработка сайтов";"А";"3";"2";"1";"3210";"нет";"коммерческий";"4";"3";"2";"2";"4";"4";"3";"2";"3";"2";"3";"3"
"разработка сайтов ангарск";"4. разработка сайтов";"А";"3";"1";"1";"4";"да (ангарск)";"коммерческий";"3";"3";"2";"2";"4";"4";"3";"2";"3";"2";"3";"3"
"разработка сайтов братск";"4. разработка сайтов";"А";"2";"1";"1";"3";"да (братск)";"коммерческий";"3";"2";"1";"2";"3";"3";"2";"2";"2";"1";"2";"2"
"заказать сайт иркутск";"11. заказать сайт";"А";"216";"14";"11";"284";"да (иркутск)";"коммерческий";"184";"172";"140";"158";"195";"230";"205";"189";"198";"170";"210";"216"
"где заказать сайт";"11. заказать сайт";"А";"27";"6";"4";"4680";"нет";"информационный";"30";"26";"18";"22";"28";"31";"25";"23";"26";"20";"25";"27"
"заказать интернет сайт";"11. заказать сайт";"А";"10";"3";"2";"1840";"нет";"коммерческий";"11";"10";"7";"8";"11";"12";"10";"8";"9";"7";"9";"10"
"заказать сайт цена";"11. заказать сайт";"А";"10";"4";"3";"3920";"нет";"коммерческий";"12";"11";"7";"8";"12";"13";"10";"9";"10";"8";"10";"10"
"заказать разработку сайта";"12. заказать разработку сайта";"А";"7";"4";"3";"3200";"нет";"коммерческий";"8";"7";"4";"6";"9";"8";"7";"6";"7";"5";"8";"7"
"сайт под ключ";"10. сайт под ключ";"А";"27";"9";"6";"9850";"нет";"коммерческий";"31";"27";"18";"22";"29";"32";"26";"23";"26";"21";"26";"27"
"сайт под ключ иркутск";"10. сайт под ключ";"А";"5";"3";"2";"7";"да (иркутск)";"коммерческий";"9";"0";"0";"0";"0";"0";"0";"0";"0";"0";"0";"12"
"создание сайта под ключ";"10. сайт под ключ";"А";"3";"2";"2";"4820";"нет";"коммерческий";"4";"3";"2";"3";"4";"5";"3";"2";"3";"2";"3";"3"
"сайт компании под ключ";"10. сайт под ключ";"А";"2";"1";"1";"980";"нет";"коммерческий";"2";"2";"1";"1";"3";"3";"2";"2";"2";"1";"2";"2"
"сколько стоит сайт под ключ";"10. сайт под ключ";"А";"2";"1";"1";"1420";"нет";"информационный";"2";"2";"1";"2";"3";"3";"2";"2";"2";"1";"2";"2"
"сайт под ключ цена";"10. сайт под ключ";"А";"1";"1";"1";"3150";"нет";"коммерческий";"2";"1";"1";"1";"2";"2";"1";"1";"1";"1";"1";"1"
"заказать сайт под ключ";"10. сайт под ключ";"А";"1";"1";"1";"2760";"нет";"коммерческий";"1";"1";"1";"1";"2";"2";"1";"1";"1";"1";"1";"1"
"сделать сайт под ключ";"10. сайт под ключ";"А";"2";"1";"1";"1890";"нет";"коммерческий";"2";"2";"1";"1";"3";"3";"2";"2";"2";"1";"2";"2"
"веб студия";"15. веб студия";"А";"16";"6";"4";"8950";"нет";"коммерческий";"18";"16";"11";"13";"17";"19";"15";"14";"16";"12";"15";"16"
"студия веб дизайна";"15. веб студия";"А";"6";"2";"2";"4120";"нет";"коммерческий";"7";"6";"4";"5";"7";"8";"6";"5";"6";"4";"6";"6"
"сайт веб студии";"15. веб студия";"А";"1";"1";"1";"1650";"нет";"коммерческий";"1";"1";"1";"1";"2";"2";"1";"1";"1";"1";"1";"1"
"компания веб студия";"15. веб студия";"А";"1";"1";"1";"890";"нет";"коммерческий";"1";"1";"1";"1";"1";"2";"1";"1";"1";"1";"1";"1"
"стоимость сайта";"20. стоимость сайта";"А";"41";"12";"9";"14200";"нет";"коммерческий";"46";"40";"28";"34";"43";"47";"39";"35";"40";"32";"39";"41"
"сколько стоит сайт";"21. сколько стоит сайт";"А";"58";"15";"11";"18900";"нет";"информационный";"64";"56";"39";"48";"61";"67";"55";"50";"56";"45";"55";"58"
"прайс на создание сайта";"19. сайт цена";"А";"1";"1";"1";"1240";"нет";"коммерческий";"1";"1";"1";"1";"2";"2";"1";"1";"1";"1";"1";"1"
"многостраничный сайт";"22. многостраничный сайт";"Б";"14";"5";"4";"3680";"нет";"коммерческий";"16";"14";"9";"11";"15";"17";"13";"12";"14";"11";"13";"14"
"многостраничный сайт цена";"22. многостраничный сайт";"Б";"5";"2";"2";"1120";"нет";"коммерческий";"6";"5";"3";"4";"6";"7";"5";"4";"5";"3";"5";"5"
"структура многостраничного сайта";"22. многостраничный сайт";"Б";"1";"1";"1";"840";"нет";"информационный";"1";"1";"1";"1";"2";"2";"1";"1";"1";"1";"1";"1"
"корпоративный сайт";"23. корпоративный сайт";"Б";"64";"14";"10";"19400";"нет";"коммерческий";"72";"63";"43";"53";"68";"74";"61";"55";"62";"50";"61";"64"
"разработка корпоративного сайта";"23. корпоративный сайт";"Б";"2";"2";"1";"2150";"нет";"коммерческий";"3";"2";"1";"2";"3";"3";"2";"2";"2";"1";"2";"2"
"создание корпоративного сайта";"23. корпоративный сайт";"Б";"1";"1";"1";"1820";"нет";"коммерческий";"2";"1";"1";"1";"2";"2";"1";"1";"1";"1";"1";"1"
"сайт для бизнеса";"24. сайт для бизнеса";"Б";"8";"3";"2";"4120";"нет";"коммерческий";"9";"8";"5";"6";"9";"10";"8";"7";"8";"6";"8";"8"
"сайт компании";"26. сайт компании";"Б";"92";"18";"12";"28900";"нет";"навигационный";"102";"90";"62";"76";"97";"106";"87";"79";"89";"71";"88";"92"
"создание сайта каталога";"27. сайт каталог";"Б";"4";"2";"2";"1890";"нет";"коммерческий";"5";"4";"3";"3";"5";"6";"4";"3";"4";"3";"4";"4"
"разработка сайта каталога";"27. сайт каталог";"Б";"2";"1";"1";"1420";"нет";"коммерческий";"2";"2";"1";"2";"3";"3";"2";"2";"2";"1";"2";"2"
"сайт визитка под ключ";"29. сайт визитка";"Б";"1";"1";"1";"2140";"нет";"коммерческий";"2";"1";"1";"1";"2";"2";"1";"1";"1";"1";"1";"1"
"создание сайтов под seo";"30. сайт под seo";"Б";"3";"1";"1";"1120";"нет";"коммерческий";"3";"2";"1";"2";"4";"3";"3";"2";"3";"2";"3";"3"
"seo сайт под ключ";"31. seo сайт";"Б";"1";"1";"1";"960";"нет";"коммерческий";"1";"1";"1";"1";"2";"2";"1";"1";"1";"1";"1";"1"
"интернет магазин создание";"32. интернет магазин создание";"Б";"12";"4";"3";"14200";"нет";"коммерческий";"14";"12";"8";"10";"13";"15";"11";"10";"12";"9";"11";"12"
"разработка интернет магазина";"33. разработка интернет магазина";"Б";"18";"7";"5";"24500";"нет";"коммерческий";"22";"20";"14";"16";"21";"24";"19";"17";"18";"15";"20";"18"
"интернет магазин под ключ";"34. интернет магазин под ключ";"Б";"5";"2";"2";"8900";"нет";"коммерческий";"6";"5";"3";"4";"6";"7";"5";"4";"5";"3";"5";"5"
"лендинг под ключ";"35. лендинг";"Б";"6";"2";"2";"7850";"нет";"коммерческий";"7";"6";"4";"5";"7";"8";"6";"5";"6";"4";"6";"6"
"разработка лендинг пейдж";"36. лендинг пейдж";"Б";"3";"1";"1";"3400";"нет";"коммерческий";"4";"3";"2";"2";"4";"4";"3";"2";"3";"2";"3";"3"
"создание одностраничного сайта";"37. одностраничный сайт";"Б";"8";"3";"2";"9400";"нет";"коммерческий";"9";"8";"5";"6";"9";"10";"8";"7";"8";"6";"8";"8"
"редизайн сайта";"38. редизайн сайта";"В";"3";"2";"1";"3890";"нет";"коммерческий";"3";"3";"2";"2";"4";"4";"3";"2";"3";"2";"3";"3"
"редизайн сайта цена";"38. редизайн сайта";"В";"1";"1";"1";"1450";"нет";"коммерческий";"1";"1";"1";"1";"2";"2";"1";"1";"1";"1";"1";"1"
"переделать сайт компании";"39. переделать сайт";"В";"1";"1";"1";"890";"нет";"коммерческий";"1";"1";"1";"1";"1";"2";"1";"1";"1";"1";"1";"1"
"доработка сайта";"40. доработка сайта";"В";"4";"2";"2";"6800";"нет";"коммерческий";"4";"4";"3";"3";"5";"5";"4";"3";"4";"3";"4";"4"
"доработка веб сайта";"40. доработка сайта";"В";"2";"1";"1";"2100";"нет";"коммерческий";"2";"2";"1";"1";"3";"3";"2";"2";"2";"1";"2";"2"
"обновить сайт компании";"41. обновить сайт";"В";"1";"1";"1";"940";"нет";"коммерческий";"1";"1";"1";"1";"1";"2";"1";"1";"1";"1";"1";"1"
"перенос сайта на другой хостинг";"42. перенос сайта";"В";"2";"1";"1";"4200";"нет";"коммерческий";"2";"2";"1";"1";"3";"3";"2";"2";"2";"1";"2";"2"
"сайт строительной компании создание";"44. строительная компания";"Г";"1";"1";"0";"1240";"нет";"коммерческий";"1";"1";"1";"1";"2";"2";"1";"1";"1";"1";"1";"1"
"сайт для строительства домов разработка";"45. строительство домов";"Г";"1";"1";"0";"980";"нет";"коммерческий";"1";"1";"1";"1";"1";"2";"1";"1";"1";"1";"1";"1"
"сайт для застройщика";"46. застройщик";"Г";"0";"0";"0";"560";"нет";"коммерческий";"0";"0";"0";"0";"0";"0";"0";"0";"0";"0";"0";"0"
"сайт для производства разработка";"47. производство";"Г";"1";"1";"0";"890";"нет";"коммерческий";"1";"1";"1";"1";"1";"2";"1";"1";"1";"1";"1";"1"
"сайт завода создание";"48. завод";"Г";"0";"0";"0";"740";"нет";"коммерческий";"0";"0";"0";"0";"0";"0";"0";"0";"0";"0";"0";"0"
"сайт медицинского центра разработка";"49. медицинский центр";"Г";"1";"1";"0";"1450";"нет";"коммерческий";"1";"1";"1";"1";"2";"2";"1";"1";"1";"1";"1";"1"
"разработка сайта клиники";"50. клиника";"Г";"1";"1";"0";"1680";"нет";"коммерческий";"1";"1";"1";"1";"2";"2";"1";"1";"1";"1";"1";"1"
"создание сайта стоматологии";"51. стоматология";"Г";"1";"1";"0";"1920";"нет";"коммерческий";"1";"1";"1";"1";"2";"2";"1";"1";"1";"1";"1";"1"
"сайт для фитнес клуба";"52. фитнес клуб";"Г";"0";"0";"0";"620";"нет";"коммерческий";"0";"0";"0";"0";"0";"0";"0";"0";"0";"0";"0";"0"
"разработка сайта клининга";"54. клининг";"Г";"0";"0";"0";"540";"нет";"коммерческий";"0";"0";"0";"0";"0";"0";"0";"0";"0";"0";"0";"0"
"сайт для автосервиса создание";"60. автосервис";"Г";"1";"1";"0";"1120";"нет";"коммерческий";"1";"1";"1";"1";"2";"2";"1";"1";"1";"1";"1";"1"
"разработка сайта отеля";"61. отель";"Г";"1";"1";"0";"1340";"нет";"коммерческий";"1";"1";"1";"1";"2";"2";"1";"1";"1";"1";"1";"1"
"сайт базы отдыха создание";"63. база отдыха";"Г";"2";"1";"1";"1850";"нет";"коммерческий";"2";"2";"1";"1";"3";"3";"2";"2";"2";"1";"2";"2"
"разработка сайта недвижимости";"64. недвижимость";"Г";"1";"1";"0";"1750";"нет";"коммерческий";"1";"1";"1";"1";"2";"2";"1";"1";"1";"1";"1";"1"
"сайт для юриста заказать";"66. юрист";"Г";"1";"1";"0";"1480";"нет";"коммерческий";"1";"1";"1";"1";"2";"2";"1";"1";"1";"1";"1";"1"
"сайт ремонт квартир разработка";"69. ремонт квартир";"Г";"1";"1";"0";"1150";"нет";"коммерческий";"1";"1";"1";"1";"2";"2";"1";"1";"1";"1";"1";"1"
"сайт мебели на заказ создание";"70. мебель на заказ";"Г";"1";"1";"0";"1210";"нет";"коммерческий";"1";"1";"1";"1";"2";"2";"1";"1";"1";"1";"1";"1"
"разработка сайта грузоперевозок";"74. грузоперевозки";"Г";"0";"0";"0";"920";"нет";"коммерческий";"0";"0";"0";"0";"0";"0";"0";"0";"0";"0";"0";"0"
"создание сайта ресторана";"78. ресторан";"Г";"1";"1";"0";"1620";"нет";"коммерческий";"1";"1";"1";"1";"2";"2";"1";"1";"1";"1";"1";"1"
"разработка сайта турфирмы";"83. турфирма";"Г";"0";"0";"0";"580";"нет";"коммерческий";"0";"0";"0";"0";"0";"0";"0";"0";"0";"0";"0";"0"
"как выбрать веб студию";"85. как выбрать веб студию";"Д";"1";"1";"1";"1250";"нет";"информационный";"1";"1";"1";"1";"2";"2";"1";"1";"1";"1";"1";"1"
"как заказать сайт";"86. как заказать сайт";"Д";"2";"1";"1";"2840";"нет";"информационный";"2";"2";"1";"1";"3";"3";"2";"2";"2";"1";"2";"2"
"что лучше сайт или лендинг";"87. что лучше сайт или лендинг";"Д";"1";"1";"1";"1920";"нет";"информационный";"1";"1";"1";"1";"2";"2";"1";"1";"1";"1";"1";"1"
"лендинг или многостраничный сайт";"88. лендинг или многостраничный сайт";"Д";"2";"1";"1";"2310";"нет";"информационный";"2";"2";"1";"1";"3";"3";"2";"2";"2";"1";"2";"2"
"сколько делается сайт";"89. сколько делается сайт";"Д";"1";"1";"1";"1740";"нет";"информационный";"1";"1";"1";"1";"2";"2";"1";"1";"1";"1";"1";"1"
"сколько времени занимает разработка сайта";"90. сколько времени занимает разработка сайта";"Д";"1";"1";"1";"1180";"нет";"информационный";"1";"1";"1";"1";"2";"2";"1";"1";"1";"1";"1";"1"
"из чего складывается стоимость сайта";"91. из чего складывается стоимость сайта";"Д";"0";"0";"0";"890";"нет";"информационный";"0";"0";"0";"0";"0";"0";"0";"0";"0";"0";"0";"0"
"нужен ли сайт бизнесу";"92. нужен ли сайт бизнесу";"Д";"1";"1";"1";"1420";"нет";"информационный";"1";"1";"1";"1";"2";"2";"1";"1";"1";"1";"1";"1"
"зачем бизнесу сайт";"93. зачем бизнесу сайт";"Д";"1";"1";"1";"1150";"нет";"информационный";"1";"1";"1";"1";"2";"2";"1";"1";"1";"1";"1";"1"
"как сайт выходит в топ";"94. как сайт выходит в топ";"Д";"1";"1";"1";"1640";"нет";"информационный";"1";"1";"1";"1";"2";"2";"1";"1";"1";"1";"1";"1"
"почему сайт не приносит клиентов";"96. почему сайт не приносит клиентов";"Д";"0";"0";"0";"720";"нет";"информационный";"0";"0";"0";"0";"0";"0";"0";"0";"0";"0";"0";"0"
"конструктор или разработка сайта";"98. конструктор или разработка сайта";"Д";"1";"1";"1";"1380";"нет";"информационный";"1";"1";"1";"1";"2";"2";"1";"1";"1";"1";"1";"1"
"что должно быть на сайте компании";"100. что должно быть на сайте компании";"Д";"2";"1";"1";"3120";"нет";"информационный";"2";"2";"1";"1";"3";"3";"2";"2";"2";"1";"2";"2"
"структура сайта для бизнеса";"101. структура сайта для бизнеса";"Д";"0";"0";"0";"640";"нет";"информационный";"0";"0";"0";"0";"0";"0";"0";"0";"0";"0";"0";"0"
"seo с нуля для сайта";"105. seo с нуля для сайта";"Д";"1";"1";"1";"1850";"нет";"информационный";"1";"1";"1";"1";"2";"2";"1";"1";"1";"1";"1";"1"
"нет данных";"53. фитнес студия";"Г";"0";"0";"0";"0";"нет";"мусор";"0";"0";"0";"0";"0";"0";"0";"0";"0";"0";"0";"0"
"нет данных";"57. инженерные системы";"Г";"0";"0";"0";"0";"нет";"мусор";"0";"0";"0";"0";"0";"0";"0";"0";"0";"0";"0";"0"
"нет данных";"102. как сайт видят нейросети";"Д";"0";"0";"0";"0";"нет";"мусор";"0";"0";"0";"0";"0";"0";"0";"0";"0";"0";"0";"0"
